doi,paper_number,RRS,id,display_name,publication_year,so,cited_by_count,JIF_OA,first_au_id,first_au_name,h_index_first_au,FNCS,FNPR,year_of_phd_first,is_MR_eligible,h_index_first_au_SCOPUS,is_S1,is_S2,attrank,pagerank
https://doi.org/10.1002/da.22764,48,0.409090909090909,https://openalex.org/W2799904575,Insomnia mediates the longitudinal relationship between anxiety and depressive symptoms in a nationally representative sample of adolescents,2018,Depression and Anxiety,24,5.4,https://openalex.org/A5035362522,Y. Irina Li,7,2.5398384239456,0.89288,,TRUE,9,FALSE,TRUE,2.5816215e-08,4.535322e-09
https://doi.org/10.1002/eat.23400,34,0.363876863876864,https://openalex.org/W3097821670,Orthorexia nervosa is associated with positive body image and life satisfaction in Chinese elderly: Evidence for a positive psychology perspective,2020,International Journal of Eating Disorders,34,4.4,https://openalex.org/A5065195263,Jinbo He,26,5.24597448604879,0.96434,2018,TRUE,21,FALSE,TRUE,5.0852556e-08,4.4926822e-09
https://doi.org/10.1002/ijop.12529,53,0.393939393939394,https://openalex.org/W2891670863,Sex differences in personality are larger in gender equal countries: Replicating and extending a surprising finding,2018,International Journal of Psychology,138,1,https://openalex.org/A5007667771,Erik Mac Giolla,6,14.6040709376872,0.99454,2016,TRUE,11,FALSE,TRUE,8.315601e-08,7.094122e-09
https://doi.org/10.1002/jclp.23029,103,0.434343434343434,https://openalex.org/W3043265515,"Race, gender, and scholarly impact: Disparities for women and faculty of color in clinical psychology",2020,Journal of Clinical Psychology,10,2.6,https://openalex.org/A5047039784,Sue White,43,1.54293367236729,0.83046,,TRUE,43,FALSE,TRUE,1.4445626e-08,3.4535395e-09
https://doi.org/10.1002/nbm.4257,61,0.353535353535354,https://openalex.org/W3008758753,"Preprocessing, analysis and quantification in single‐voxel magnetic resonance spectroscopy: experts' consensus recommendations",2020,NMR in Biomedicine,182,3,https://openalex.org/A5018565112,Jamie Near,33,28.0813928370847,0.997935,2009,FALSE,32,FALSE,TRUE,2.1963265e-07,1.0245876e-08
https://doi.org/10.1002/per.2113,90,0.547619047619048,https://openalex.org/W2744274567,Personality Traits Predict Smartphone Usage,2017,European Journal of Personality,94,3.7,https://openalex.org/A5048056611,Clemens Stachl,11,8.18945877260922,0.98283,2017,TRUE,12,FALSE,TRUE,7.243384e-08,8.1838305e-09
https://doi.org/10.1002/per.2259,29,0.513708513708514,https://openalex.org/W3023618475,Trajectories of Big Five Personality Traits: A Coordinated Analysis of 16 Longitudinal Samples,2020,European Journal of Personality,71,5.7,https://openalex.org/A5068418938,Eileen K. Graham,19,10.9548290738078,0.98942,2010,TRUE,15,FALSE,TRUE,8.046201e-08,5.3932e-09
https://doi.org/10.1002/per.2270,24,0.521645021645022,https://openalex.org/W3034135470,"Tracing Personality Structure in Narratives: A Computational Bottom–Up Approach to Unpack Writers, Characters, and Personality in Historical Context",2020,European Journal of Personality,4,5.7,https://openalex.org/A5088159746,Ronald Fischer,54,0.617173468946917,0.67463,2002,FALSE,54,FALSE,TRUE,6.3955494e-09,3.2189917e-09
https://doi.org/10.1007/s00431-020-03825-y,104,0.359066859066859,https://openalex.org/W3093196012,The growing gap between demand and availability of clinical psychology in Paediatric Gastroenterology: a retrospective analysis of clinical routine care,2020,European Journal of Pediatrics,5,2.7,https://openalex.org/A5006563233,Eunice C. Wong,22,0.771466836183646,0.71226,,TRUE,21,FALSE,TRUE,7.825632e-09,3.441128e-09
https://doi.org/10.1007/s11136-021-02870-w,71,0.353535353535354,https://openalex.org/W3164740785,Standard set of patient-reported outcomes for personality disorder,2021,Quality of Life Research,21,3.1,https://openalex.org/A5091343801,Valentina Prevolnik Rupel,16,5.27320208919245,0.96162,2008,TRUE,17,FALSE,TRUE,3.0686337e-08,3.8727186e-09
https://doi.org/10.1007/s11606-021-06737-1,86,0.378787878787879,https://openalex.org/W3154790864,A Consensus-Based Checklist for Reporting of Survey Studies (CROSS),2021,Journal of General Internal Medicine,537,3.7,https://openalex.org/A5047618580,Akash Sharma,7,134.843310566493,0.999980858895706,,TRUE,5,FALSE,TRUE,6.4669547e-07,4.615585e-08
https://doi.org/10.1007/s12124-020-09516-5,9,0.338383838383838,https://openalex.org/W3012772037,Is Conceptual Diversity an Advantage for Scientific Inquiry? A Case Study on the Concept of ‘Gesture’ in Comparative Psychology,2020,Integrative Psychological and Behavioral Science,10,0.9,https://openalex.org/A5080990834,Marie Bourjade,14,1.54293367236729,0.83046,2006,TRUE,14,FALSE,TRUE,1.3023476e-08,3.366473e-09
https://doi.org/10.1016/j.actpsy.2021.103392,83,0.695454545454545,https://openalex.org/W3195621402,The association between personality traits and third-party moral judgment: A preregistered study,2021,Acta Psychologica,2,1.9,https://openalex.org/A5035412614,Flora Schwartz,4,0.502209722780233,0.61548,,TRUE,4,FALSE,TRUE,5.4852713e-09,3.2137768e-09
https://doi.org/10.1016/j.cogpsych.2018.04.002,69,0.561616161616162,https://openalex.org/W2804054410,Modeling the dynamics of recognition memory testing with an integrated model of retrieval and decision making,2018,Cognitive Psychology,23,4.9,https://openalex.org/A5046556381,Adam F Osth,11,2.43401182294786,0.8872,2014,FALSE,11,FALSE,TRUE,1.5657339e-08,3.941014e-09
https://doi.org/10.1016/j.eclinm.2021.101048,92,0.492784992784993,https://openalex.org/W3190483159,"Are we making Inroads? A randomized controlled trial of a psychologist-supported, web-based, cognitive behavioral therapy intervention to reduce anxiety and hazardous alcohol use among emerging adults",2021,EClinicalMedicine,5,12.3,https://openalex.org/A5013643762,Lexine Stapinski,26,1.25552430695058,0.77991,,TRUE,24,FALSE,TRUE,9.409283e-09,3.2835399e-09
https://doi.org/10.1016/j.ejvs.2014.12.002,14,0.388888888888889,https://openalex.org/W2111194930,Assessing the Quality of Available Patient Reported Outcome Measures for Intermittent Claudication: A Systematic Review Using the COSMIN Checklist,2015,European Journal of Vascular and Endovascular Surgery,45,2,https://openalex.org/A5044836497,A.P. Conijn,11,2.91416426302081,0.91427,,TRUE,10,FALSE,TRUE,1.9897309e-08,6.163426e-09
https://doi.org/10.1016/j.im.2019.103174,84,0.363636363636364,https://openalex.org/W2955853369,Machines as teammates: A research agenda on AI in team collaboration,2020,Information & Management,215,8.2,https://openalex.org/A5068096352,Isabella Seeber,8,33.1730739558968,0.99838,2013,TRUE,10,FALSE,TRUE,2.4475506e-07,1.3041117e-08
https://doi.org/10.1016/j.invent.2021.100425,108,0.383838383838384,https://openalex.org/W3179964642,Technology and psychotherapeutic interventions: Bibliometric analysis of the past four decades,2021,Internet Interventions,7,6.6,https://openalex.org/A5003163673,Arya Zale,1,1.75773402973082,0.83654,,TRUE,1,FALSE,TRUE,8.130498e-09,3.5113588e-09
https://doi.org/10.1016/j.jad.2020.02.023,55,0.350079744816587,https://openalex.org/W3005398140,"The identification, assessment and management of difficult-to-treat depression: An international consensus statement",2020,Journal of Affective Disorders,131,5,https://openalex.org/A5064043557,R. Hamish McAllister-Williams,31,20.2124311080115,0.9963,1993,FALSE,33,FALSE,TRUE,1.5408916e-07,1.0878921e-08
https://doi.org/10.1016/j.jrp.2017.10.005,102,0.727272727272727,https://openalex.org/W2765568896,The role of vigilance in the relationship between neuroticism and health: A registered report,2018,Journal of Research in Personality,26,3.3,https://openalex.org/A5025299159,Sara J. Weston,13,2.75149162594106,0.90327,2017,TRUE,15,FALSE,TRUE,2.2959936e-08,4.3080894e-09
https://doi.org/10.1016/j.jrp.2020.103929,42,0.68989898989899,https://openalex.org/W3003385600,"Inside the happy personality: Personality states, situation experience, and state affect mediate the relation between personality and affect",2020,Journal of Research in Personality,9,3.9,https://openalex.org/A5077697871,Sarah Kritzler,5,1.38864030513056,0.81285,2022,TRUE,6,FALSE,TRUE,1.14059615e-08,3.3540957e-09
https://doi.org/10.1016/j.jrp.2022.104297,52,0.733525733525734,https://openalex.org/W4296655822,Big Five Personality Traits and Moral-Dilemma Judgments: Two Preregistered Studies using the CNI Model,2022,Journal of Research in Personality,4,3.1,https://openalex.org/A5052072944,Dillon M. Luke,5,2.18687981455259,0.85065,,TRUE,5,FALSE,TRUE,5.9432614e-09,3.2397471e-09
https://doi.org/10.1016/j.neubiorev.2021.01.022,20,0.353535353535354,https://openalex.org/W3128855809,The World Federation of ADHD International Consensus Statement: 208 Evidence-based conclusions about the disorder,2021,Neuroscience & Biobehavioral Reviews,459,9.2,https://openalex.org/A5052145058,Stephen V. Faraone,176,115.257131378063,0.999956129032258,1982,TRUE,177,FALSE,TRUE,5.542874e-07,2.724535e-08
https://doi.org/10.1017/s0140525x20001685,107,0.353535353535354,https://openalex.org/W4211209158,The generalizability crisis,2020,Behavioral and Brain Sciences,226,0.9,https://openalex.org/A5089396175,Tal Yarkoni,46,34.8703009955008,0.99849,2009,FALSE,43,FALSE,TRUE,2.199615e-07,1.1758294e-08
https://doi.org/10.1037/amp0000622,97,0.416786916786917,https://openalex.org/W3015368184,The neglected 95% revisited: Is American psychology becoming less American?,2021,American Psychologist,179,11.1,https://openalex.org/A5071598825,Amber Gayle Thalmayer,12,44.9477701888309,0.99944,2013,TRUE,12,FALSE,TRUE,1.9468011e-07,1.18912e-08
https://doi.org/10.1037/amp0000742,106,0.333333333333333,https://openalex.org/W3104890832,Education and training guidelines for psychological assessment in health service psychology.,2021,American Psychologist,5,11.1,https://openalex.org/A5053412190,Adam Wright,28,1.25552430695058,0.77991,,FALSE,10,FALSE,TRUE,1.0104149e-08,4.908707e-09
https://doi.org/10.1037/amp0000879,7,0.368686868686869,https://openalex.org/W3166619240,A template for preregistration of quantitative research in psychology: Report of the joint psychological societies preregistration task force.,2022,American Psychologist,21,13.1,https://openalex.org/A5009663125,Michael Bošnjak,23,11.4811190264011,0.99002,2002,FALSE,28,FALSE,TRUE,2.727116e-08,3.8468664e-09
https://doi.org/10.1037/ccp0000550,41,0.656565656565657,https://openalex.org/W3044283726,A randomized controlled trial of central executive training (CET) versus inhibitory control training (ICT) for ADHD.,2020,Journal of Consulting and Clinical Psychology,21,6.3,https://openalex.org/A5009891541,Michael Kofler,33,3.24016071197131,0.92802,2010,TRUE,33,FALSE,TRUE,2.628859e-08,3.7115597e-09
https://doi.org/10.1037/dev0001472,100,0.373737373737374,https://openalex.org/W4308372814,On becoming socially anxious: Toddlers’ attention bias to fearful faces.,2023,Developmental Psychology,0,3.4,https://openalex.org/A5030361956,Lamei Wang,18,0,0,2010,TRUE,7,FALSE,TRUE,3.8442494e-09,3.1561427e-09
https://doi.org/10.1037/mac0000074,79,0.515151515151515,https://openalex.org/W4308485503,How susceptible are you? Using feedback and monitoring to reduce the influence of false information.,2023,Journal of applied research in memory and cognition,1,1.7,https://openalex.org/A5083265527,Nikita A. Salovich,0,2.03037440103955,0.80374,2022,TRUE,6,FALSE,TRUE,3.845351e-09,3.192008e-09
https://doi.org/10.1037/npe0000166,51,0.378787878787879,https://openalex.org/W4308482780,Status quo bias and risk tolerance in asset allocation decision-making.,2022,"Journal of Neuroscience, Psychology, and Economics",0,0.4,https://openalex.org/A5041590137,Andrea Lippi,5,0,0,,TRUE,4,FALSE,TRUE,3.3116916e-09,3.1561427e-09
https://doi.org/10.1037/ocp0000340,4,0.373737373737374,https://openalex.org/W4308054346,Passionate leaders behaving badly: Why do leaders become obsessively passionate and engage in abusive supervision?,2023,Journal of Occupational Health Psychology,3,6.1,https://openalex.org/A5055985771,Marina Astakhova,14,6.09112320311866,0.95054,,TRUE,16,FALSE,TRUE,6.4699397e-09,3.2544374e-09
https://doi.org/10.1037/pro0000493,40,0.368686868686869,https://openalex.org/W4308482779,"Patient acceptability, use, and recommendations to improve interventions delivered in primary care behavioral health.",2023,Professional Psychology: Research and Practice,0,1.7,https://openalex.org/A5070037005,Paul R. King,18,0,0,,TRUE,11,FALSE,TRUE,3.8442494e-09,3.1561427e-09
https://doi.org/10.1037/pspp0000202,59,0.484126984126984,https://openalex.org/W2794962426,"Personality characteristics below facets: A replication and meta-analysis of cross-rater agreement, rank-order stability, heritability, and utility of personality nuances.",2019,Journal of Personality and Social Psychology,56,8.1,https://openalex.org/A5020712459,René Mõttus,33,7.23196528656662,0.97782,2009,TRUE,32,FALSE,TRUE,5.1010502e-08,5.480913e-09
https://doi.org/10.1037/pspp0000402,37,0.52020202020202,https://openalex.org/W3211958695,Searching high and low for meaningful and replicable morphometric correlates of personality.,2022,Journal of Personality and Social Psychology,5,7.8,https://openalex.org/A5012038052,Courtland S. Hyatt,15,2.73359976819074,0.88491,,TRUE,17,FALSE,TRUE,8.538431e-09,3.2156602e-09
https://doi.org/10.1037/pspp0000438,44,0.712361712361712,https://openalex.org/W4308058541,"Who benefits from which activity? On the relations between personality traits, leisure activities, and well-being.",2023,Journal of Personality and Social Psychology,4,6.2,https://openalex.org/A5088209253,Niclas Kuper,8,8.12149760415821,0.96919,2023,TRUE,7,FALSE,TRUE,1.0004288e-08,3.539272e-09
https://doi.org/10.1037/pspp0000446,16,0.466329966329966,https://openalex.org/W4308061043,Revisiting the rigidity-of-the-right hypothesis: A meta-analytic review.,2023,Journal of Personality and Social Psychology,8,6.2,https://openalex.org/A5055631608,Thomas H. Costello,11,16.2429952083164,0.99148,2022,TRUE,13,FALSE,TRUE,1.46908485e-08,3.5023684e-09
https://doi.org/10.1037/pst0000465,96,0.348484848484848,https://openalex.org/W4308056710,A multimodal case study utilizing physiological synchrony as indicator of context in which motion synchrony is associated with the working alliance.,2023,Psychotherapy,1,2.2,https://openalex.org/A5008292124,Shachaf Tal,0,2.03037440103955,0.80374,,TRUE,4,FALSE,TRUE,3.8446677e-09,3.1697467e-09
https://doi.org/10.1037/rev0000069,45,0.398989898989899,https://openalex.org/W2595771591,The complementary roles of auditory and motor information evaluated in a Bayesian perceptuo-motor model of speech perception.,2017,Psychological Review,17,7.8,https://openalex.org/A5024303339,Raphaël Laurent,5,1.48107233121656,0.81803,,FALSE,7,FALSE,TRUE,1.1027638e-08,3.5080718e-09
https://doi.org/10.1037/rev0000318,110,0.515151515151515,https://openalex.org/W3135352592,Process and content in decisions from memory.,2022,Psychological Review,5,6.1,https://openalex.org/A5000925107,Wenjia Zhao,6,2.73359976819074,0.88491,9999,FALSE,5,FALSE,TRUE,7.421853e-09,3.3090044e-09
https://doi.org/10.1037/ser0000720,87,0.378787878787879,https://openalex.org/W4308364832,Addressing the college mental health crisis: Training students to become effective bystanders.,2023,Psychological Services,1,2.3,https://openalex.org/A5082408244,Kaitlyn R Siegel,2,2.03037440103955,0.80374,,TRUE,2,FALSE,TRUE,5.1613864e-09,3.1976708e-09
https://doi.org/10.1037/ser0000724,2,0.398989898989899,https://openalex.org/W4308052781,The impact of trauma-informed design on psychological well-being in homeless shelters.,2023,Psychological Services,1,2.3,https://openalex.org/A5034036881,Rawan Ajeen,3,2.03037440103955,0.80374,9999,TRUE,2,FALSE,TRUE,3.8442494e-09,3.1561427e-09
https://doi.org/10.1037/spy0000311,22,0.580808080808081,https://openalex.org/W4308471820,A just-in-time adaptive intervention to enhance physical activity in the SMARTFAMILY2.0 trial.,2023,"Sport, Exercise, and Performance Psychology",3,1.8,https://openalex.org/A5086567204,Janis Fiedler,6,6.09112320311866,0.95054,2022,TRUE,6,FALSE,TRUE,7.785988e-09,3.2218344e-09
https://doi.org/10.1037/stl0000341,25,0.358585858585859,https://openalex.org/W4308473488,Teaching psychology in virtual reality.,2022,Scholarship of teaching and learning in psychology,1,1,https://openalex.org/A5020196831,Paul A. Frewen,51,0.546719953638148,0.59322,2008,TRUE,49,FALSE,TRUE,4.6879722e-09,3.278978e-09
https://doi.org/10.1037/trm0000424,85,0.398989898989899,https://openalex.org/W4308473480,Moral injury and suicidal ideation among female national guard members: Indirect effects of perceived burdensomeness and thwarted belongingness.,2022,Traumatology,1,3.8,https://openalex.org/A5019327059,Mary O. Shapiro,3,0.546719953638148,0.59322,2019,TRUE,3,FALSE,TRUE,4.624954e-09,3.1897187e-09
https://doi.org/10.1037/vio0000453,60,0.348484848484849,https://openalex.org/W4308484756,Empirically derived patterns of adverse childhood experiences and associations with prenatal social networks.,2023,Psychology of Violence,1,2.9,https://openalex.org/A5067977134,Taylor R. Napier,3,2.03037440103955,0.80374,9999,TRUE,3,FALSE,TRUE,5.155506e-09,3.1793956e-09
https://doi.org/10.1037/xge0001036,93,0.790123456790123,https://openalex.org/W3097174036,Representative design in psychological assessment: A case study using the Balloon Analogue Risk Task (BART).,2021,Journal of Experimental Psychology: General,15,5.1,https://openalex.org/A5091563836,Markus Steiner,11,3.76657292085175,0.9355,2021,TRUE,4,FALSE,TRUE,2.494759e-08,3.6514745e-09
https://doi.org/10.1037/xlm0001195,50,0.671929824561404,https://openalex.org/W4308052942,Working memory capacity preferentially enhances implementation of proactive control.,2022,"Journal of Experimental Psychology: Learning, Memory and Cognition",2,2.2,https://openalex.org/A5024607413,Yanli Lin,1,1.0934399072763,0.72859,,TRUE,8,FALSE,TRUE,5.957349e-09,3.2001384e-09
https://doi.org/10.1038/s41380-021-01200-3,35,0.358585858585859,https://openalex.org/W3171833614,Treatment resistance in psychiatry: state of the art and new directions,2021,Molecular Psychiatry,106,10.1,https://openalex.org/A5001601365,Oliver Howes,87,26.6171153073524,0.99802,,FALSE,86,FALSE,TRUE,1.2392785e-07,8.654682e-09
https://doi.org/10.1038/s41562-019-0561-2,101,0.348484848484849,https://openalex.org/W2933069143,Development of a formal system for representing behaviour-change theories,2019,Nature Human Behaviour,94,6.9,https://openalex.org/A5064290037,Robert West,76,12.1393703024511,0.99141,1982,FALSE,92,FALSE,TRUE,4.1023213e-08,4.974143e-09
https://doi.org/10.1038/s41584-020-0399-z,15,0.343434343434343,https://openalex.org/W3009717212,Can we implement the new research agenda for mental health?,2020,Nature Reviews Rheumatology,3,4.8,https://openalex.org/A5022597767,Lis Cordingley,30,0.462880101710188,0.62578,,FALSE,29,FALSE,TRUE,5.118575e-09,3.2269536e-09
https://doi.org/10.1038/s41597-020-00680-2,3,0.497113997113997,https://openalex.org/W3091937808,A naturalistic neuroimaging database for understanding the brain using ecological stimuli,2020,Scientific Data,50,7.6,https://openalex.org/A5006037095,Sarah Aliko,3,7.71466836183646,0.98091,2017,TRUE,3,FALSE,TRUE,7.081604e-08,4.8352384e-09
https://doi.org/10.1038/s41597-022-01164-1,65,0.419191919191919,https://openalex.org/W4220804054,"PET-BIDS, an extension to the brain imaging data structure for positron emission tomography",2022,Scientific Data,20,10.1,https://openalex.org/A5084656854,Martin Agge Nørgaard,19,10.934399072763,0.98892,1991,FALSE,20,FALSE,TRUE,2.6016446e-08,3.9005266e-09
https://doi.org/10.1080/00223891.2021.1955695,58,0.726070226070226,https://openalex.org/W3183482986,Assessing the Desire to Change Personality across Methods,2021,Journal of Personality Assessment,4,2.8,https://openalex.org/A5036609272,Travis Miller,3,1.00441944556047,0.73972,2020,TRUE,3,FALSE,TRUE,8.191734e-09,3.4135055e-09
https://doi.org/10.1080/00273171.2022.2119927,18,0.464165464165464,https://openalex.org/W4304695509,From Metaphor to Computation: Constructing the Potential Landscape for Multivariate Psychological Formal Models,2022,Multivariate Behavioral Research,2,2.1,https://openalex.org/A5055630451,Jingmeng Cui,1,1.0934399072763,0.72859,9999,FALSE,2,FALSE,TRUE,5.502404e-09,3.2055059e-09
https://doi.org/10.1080/02646838.2014.924228,63,0.348484848484848,https://openalex.org/W2006491535,Complementary therapies in pregnancy: a means to reduce ill health and improve well-being?,2014,Journal of Reproductive and Infant Psychology,6,1.1,https://openalex.org/A5069979207,James Newham,19,0.339780094322954,0.56035,2012,FALSE,19,FALSE,TRUE,1.4030216e-09,3.512109e-09
https://doi.org/10.1080/09540261.2020.1813091,54,0.333333333333333,https://openalex.org/W3120926152,Contemporary positive psychology perspectives and future directions,2020,International Review of Psychiatry,6,3.5,https://openalex.org/A5028237272,Claude–Hélène Mayer,15,0.925760203420375,0.74352,,FALSE,14,FALSE,TRUE,1.0627121e-08,3.4604235e-09
https://doi.org/10.1080/1047840x.2022.2065128,30,0.405002405002405,https://openalex.org/W4284689384,The Market for Belief Systems: A Formal Model of Ideological Choice,2022,Psychological Inquiry,9,3.1,https://openalex.org/A5066733860,Thomas Gries,16,4.92047958274333,0.951,,FALSE,15,FALSE,TRUE,3.800507e-09,3.1922767e-09
https://doi.org/10.1080/1612197x.2020.1737836,91,0.343434343434343,https://openalex.org/W3012229824,Career development and transitions of athletes: the International Society of Sport Psychology Position Stand Revisited,2020,International Journal of Sport and Exercise Psychology,134,1.8,https://openalex.org/A5037414662,Natalia Stambulova,29,20.6753112097217,0.99644,2000,FALSE,36,FALSE,TRUE,9.243077e-08,7.470809e-09
https://doi.org/10.1080/17405629.2021.1952863,28,0.424242424242424,https://openalex.org/W3189269023,Parenting styles and its relations with personal and social adjustment beyond adolescence: Is the current evidence enough?,2021,European Journal of Developmental Psychology,37,1.4,https://openalex.org/A5052566356,Sofia Gimenez-Serrano,3,9.29087987143431,0.98566,,TRUE,3,FALSE,TRUE,4.7973856e-08,4.252335e-09
https://doi.org/10.1080/17461391.2020.1792558,76,0.333333333333333,https://openalex.org/W3040829779,Role of sports psychology and sports nutrition in return to play from musculoskeletal injuries in professional soccer: an interdisciplinary approach,2020,European Journal of Sport Science,9,3.5,https://openalex.org/A5019878405,Ian Rollo,21,1.38864030513056,0.81285,2009,FALSE,21,FALSE,TRUE,1.5734773e-08,3.4307122e-09
https://doi.org/10.1080/1750984x.2017.1317357,88,0.343434343434343,https://openalex.org/W2615715350,Developing rigor in qualitative research: problems and opportunities within sport and exercise psychology,2017,International Review of Sport and Exercise Psychology,1617,3.6,https://openalex.org/A5088996032,Brett Smith,50,140.876115269246,0.999950220588235,,FALSE,51,FALSE,TRUE,9.269679e-07,6.429806e-08
https://doi.org/10.1080/23279095.2018.1429441,26,0.373737373737374,https://openalex.org/W2787581645,Neuropsychological assessment of adults with ADHD: A Delphi consensus study,2018,Applied Neuropsychology: Adult,43,1.1,https://openalex.org/A5023374161,Anselm B. M. Fuermaier,24,4.55054384290253,0.95295,2014,TRUE,23,FALSE,TRUE,3.7406476e-08,4.740081e-09
https://doi.org/10.1080/23311908.2021.2024640,77,0.480952380952381,https://openalex.org/W4213022241,The five factor model of personality as predictor of online shopping: Analyzing data from a large representative sample of Swedish internet users,2022,Cogent psychology,4,1.9,https://openalex.org/A5087602607,John Magnus Roos,3,2.18687981455259,0.85065,,TRUE,3,FALSE,TRUE,8.591283e-09,3.3449237e-09
https://doi.org/10.1080/23743603.2022.2102473,64,0.785281385281385,https://openalex.org/W4286608143,Prediction of dishonest behavior using the CNI model of moral dilemma judgment: a registered report,2022,Comprehensive Results in Social Psychology,1,0.9,https://openalex.org/A5074991882,Nyx L. Ng,1,0.546719953638148,0.59322,9999,TRUE,3,FALSE,TRUE,4.6331254e-09,3.193963e-09
https://doi.org/10.1089/acm.2020.0415,105,0.385281385281385,https://openalex.org/W3106888012,Optimal Terminology for Services in the United States That Incorporate Horses to Benefit People: A Consensus Document,2021,Journal of Alternative and Complementary Medicine,46,2.5,https://openalex.org/A5082600807,Wendy Wood,20,11.5508236239454,0.99021,1995,FALSE,19,FALSE,TRUE,6.2248276e-08,6.7919004e-09
https://doi.org/10.1093/tbm/ibz150,49,0.333333333333333,https://openalex.org/W3047901976,Positive psychology in health care: defining key stakeholders and their roles,2020,Translational Behavioral Medicine,9,2.4,https://openalex.org/A5000480255,Liana Lianov,8,1.38864030513056,0.81285,,FALSE,8,FALSE,TRUE,1.1763936e-08,3.500296e-09
https://doi.org/10.1097/cco.0000000000000837,72,0.338383838383838,https://openalex.org/W4283315416,Interventions addressing fear of cancer recurrence: challenges and future perspectives,2022,Current Opinion in Oncology,8,3.5,https://openalex.org/A5055139507,Judith B. Prins,44,4.37375962910518,0.94045,2004,FALSE,45,FALSE,TRUE,8.717101e-09,3.5279346e-09
https://doi.org/10.1097/j.pain.0000000000002753,38,0.496632996632997,https://openalex.org/W4291020561,Association between personality traits and placebo effects: a preregistered systematic review and meta-analysis,2022,PAIN,4,6.2,https://openalex.org/A5035029433,Heemin Kang,1,2.18687981455259,0.85065,9999,TRUE,1,FALSE,TRUE,8.6840055e-09,3.4829606e-09
https://doi.org/10.1098/rsos.201494,33,0.733285233285233,https://openalex.org/W2782009241,Analytic reproducibility in articles receiving open data badges at the journal <i>Psychological Science</i> : an observational study,2021,Royal Society Open Science,31,3.8,https://openalex.org/A5075769472,Tom E Hardwicke,16,7.78425070309361,0.98001,2016,TRUE,17,FALSE,TRUE,3.7782264e-08,4.963761e-09
https://doi.org/10.1098/rstb.2020.0001,27,0.333333333333333,https://openalex.org/W3014897444,A consensus statement: defining terms for reactivation analysis,2020,Philosophical Transactions of the Royal Society B,28,6.3,https://openalex.org/A5027934644,Lisa Genzel,26,4.32021428262842,0.95204,2011,FALSE,23,FALSE,TRUE,3.1876873e-08,3.7010432e-09
https://doi.org/10.1111/1460-6984.12101,5,0.354016354016354,https://openalex.org/W2101146468,Ten questions about terminology for children with unexplained language problems,2014,International Journal of Language & Communication Disorders,260,2.1,https://openalex.org/A5010940647,Dorothy V. M. Bishop,92,14.723804087328,0.99475,1978,FALSE,97,FALSE,TRUE,1.0054513e-07,2.0340751e-08
https://doi.org/10.1111/1460-6984.12335,6,0.338383838383838,https://openalex.org/W2735499801,Why is it so hard to reach agreement on terminology? The case of developmental language disorder (DLD),2017,International Journal of Language & Communication Disorders,151,1.7,https://openalex.org/A5010940647,Dorothy V. M. Bishop,92,13.1554071772765,0.99299,1978,FALSE,97,FALSE,TRUE,1.1585287e-07,1.0547781e-08
https://doi.org/10.1111/aphw.12364,32,0.475468975468976,https://openalex.org/W4225393599,Remembering for resilience: Brief cognitive‐reminiscence therapy improves psychological resources and mental well‐being in young adults,2022,Applied Psychology: Health and Well-Being,10,7.5,https://openalex.org/A5066630645,David John Hallford,20,5.46719953638148,0.95913,,TRUE,20,FALSE,TRUE,1.25446755e-08,3.5008108e-09
https://doi.org/10.1111/bjop.12430,21,0.353535353535354,https://openalex.org/W2985073537,Of deadly beans and risky stocks: Political ideology and attitude formation via exploration depend on the nature of the attitude stimuli,2019,British Journal of Psychology,16,2.7,https://openalex.org/A5084645592,Michael Edem Fiagbenu,2,2.06627579616189,0.86503,2022,TRUE,3,FALSE,TRUE,1.4708348e-08,4.1316897e-09
https://doi.org/10.1111/jasp.12761,62,0.583694083694084,https://openalex.org/W3172852587,Think scientists—Think male: Science and leadership are still more strongly associated with men than with women in Germany,2021,Journal of Applied Social Psychology,3,2.3,https://openalex.org/A5016550113,Nadine Nett,3,0.75331458417035,0.68807,2015,TRUE,4,FALSE,TRUE,6.8174004e-09,3.2564798e-09
https://doi.org/10.1136/bjsports-2019-100715,74,0.348484848484848,https://openalex.org/W2945081425,Mental health in elite athletes: International Olympic Committee consensus statement (2019),2019,British Journal of Sports Medicine,557,3.4,https://openalex.org/A5079265698,Claudia L. Reardon,30,71.9322261538859,0.999844444444444,2006,TRUE,26,FALSE,TRUE,5.953994e-07,4.394359e-08
https://doi.org/10.1136/bmjopen-2020-038107,80,0.440754664438875,https://openalex.org/W3045400208,"Efficacy, cost-utility and physiological effects of Acceptance and Commitment Therapy (ACT) and Behavioural Activation Treatment for Depression (BATD) in patients with chronic low back pain and depression: study protocol of a randomised, controlled trial including mobile-technology-based ecological momentary assessment (IMPACT study)",2020,BMJ Open,9,3.1,https://openalex.org/A5076678057,Juan P. Sanabria‐Mazo,7,1.38864030513056,0.81285,9999,TRUE,8,FALSE,TRUE,1.1751768e-08,3.3735847e-09
https://doi.org/10.1177/0033294120926669,17,0.338383838383838,https://openalex.org/W3030167379,Future Applications of Real-World Neuroimaging to Clinical Psychology,2020,Psychological Reports,5,1.3,https://openalex.org/A5087982384,James Crum,4,0.771466836183646,0.71226,2023,FALSE,3,FALSE,TRUE,1.0442903e-08,3.300589e-09
https://doi.org/10.1177/08902070211012923,31,0.686868686868687,https://openalex.org/W3161931673,The longitudinal interplay between personal values and subjective well-being: A registered report,2021,European Journal of Personality,13,5.5,https://openalex.org/A5024076569,Michael P. Grosz,9,3.26436319807151,0.92136,2017,FALSE,10,TRUE,TRUE,2.140909e-08,3.5403345e-09
https://doi.org/10.1177/0956797618774252,57,0.639570306236973,https://openalex.org/W2811391847,"“Eavesdropping on Happiness” Revisited: A Pooled, Multisample Replication of the Association Between Life Satisfaction and Observed Daily Conversation Quantity and Quality",2018,Psychological Science,46,5.4,https://openalex.org/A5068520975,Anne Milek,14,4.86802364589573,0.95753,2015,TRUE,15,FALSE,TRUE,4.734111e-08,5.9256e-09
https://doi.org/10.1177/0956797618810000,39,0.502020202020202,https://openalex.org/W2900690226,Self–Other Agreement in Personality Reports: A Meta-Analytic Comparison of Self- and Informant-Report Means,2018,Psychological Science,49,5.4,https://openalex.org/A5009247708,Hyunji Kim,33,5.18550344888893,0.96159,2014,TRUE,10,FALSE,TRUE,4.707379e-08,4.7335047e-09
https://doi.org/10.1177/0956797619830326,67,0.560606060606061,https://openalex.org/W2784055826,The Prevalence of Marginally Significant Results in Psychology Over Time,2019,Psychological Science,99,5.5,https://openalex.org/A5068514222,Anton Olsson-Collentine,5,12.7850814887517,0.99215,9999,TRUE,6,FALSE,TRUE,7.568861e-08,5.7994556e-09
https://doi.org/10.1177/0956797619830329,68,0.641414141414141,https://openalex.org/W2934563845,"Screens, Teens, and Psychological Well-Being: Evidence From Three Time-Use-Diary Studies",2019,Psychological Science,237,5.5,https://openalex.org/A5014903011,Amy Orben,19,30.606710230648,0.99883,2019,TRUE,19,FALSE,TRUE,2.3135892e-07,1.5152091e-08
https://doi.org/10.1177/0963721419830382,10,0.343434343434343,https://openalex.org/W2911323680,Studying a Heterogeneous Array of Target Groups Can Help Us Understand Prejudice,2019,Current Directions in Psychological Science,37,6.6,https://openalex.org/A5025573426,Mark J. Brandt,30,4.77826277862438,0.95695,2012,FALSE,33,FALSE,TRUE,3.1147998e-08,4.3119552e-09
https://doi.org/10.1177/1088868319845938,56,0.344444444444444,https://openalex.org/W2947073737,Ecologizing Social Psychology: The Physical Environment as a Necessary Constituent of Social Processes,2019,Personality and Social Psychology Review,41,12.3,https://openalex.org/A5080048351,Benjamin R. Meagher,11,5.29483172766485,0.96314,2014,FALSE,11,FALSE,TRUE,4.4750056e-08,4.746098e-09
https://doi.org/10.1177/1745691620904775,43,0.414141414141414,https://openalex.org/W3022936278,Unburdening the Shoulders of Giants: A Quest for Disconnected Academic Psychology,2020,Perspectives on Psychological Science,4,11.1,https://openalex.org/A5037882098,Dario Krpan,7,0.617173468946917,0.67463,2015,FALSE,7,FALSE,TRUE,7.715617e-09,3.2272922e-09
https://doi.org/10.1177/17456916221075615,73,0.414141414141414,https://openalex.org/W4285492509,Consensus Goals in the Field of Visual Metacognition,2022,Perspectives on Psychological Science,15,12.3,https://openalex.org/A5048603098,Dobromir Rahnev,20,8.20079930457222,0.98086,2012,FALSE,21,FALSE,TRUE,2.8060747e-08,3.775769e-09
https://doi.org/10.1177/2515245919838781,82,0.515151515151515,https://openalex.org/W2937214313,"Research in Social Psychology Changed Between 2011 and 2016: Larger Sample Sizes, More Self-Report Measures, and More Online Studies",2019,Advances in Methods and Practices in Psychological Science,94,10.8,https://openalex.org/A5059990582,Kai Sassenberg,34,12.1393703024511,0.99141,1999,TRUE,34,FALSE,TRUE,7.251092e-08,6.918233e-09
https://doi.org/10.1177/2515245919882903,36,0.492544492544493,https://openalex.org/W4241206412,Hidden Invalidity Among 15 Commonly Used Measures in Social and Personality Psychology,2020,Advances in Methods and Practices in Psychological Science,104,16.2,https://openalex.org/A5006307611,Ian Hussey,8,16.0465101926198,0.99437,2015,TRUE,13,FALSE,TRUE,1.11746374e-07,7.220322e-09
https://doi.org/10.1177/2515245920918872,66,0.51010101010101,https://openalex.org/W3008000555,Analysis of Open Data and Computational Reproducibility in Registered Reports in Psychology,2020,Advances in Methods and Practices in Psychological Science,54,16.2,https://openalex.org/A5010087589,Pepijn Obels,1,8.33184183078338,0.98303,,TRUE,1,FALSE,TRUE,6.771935e-08,6.045413e-09
https://doi.org/10.1186/s10194-021-01339-y,12,0.471717171717172,https://openalex.org/W3206096722,Minimal important change and responsiveness of the Migraine Disability Assessment Score (MIDAS) questionnaire,2021,Journal of Headache and Pain,15,8.5,https://openalex.org/A5038548787,Gabriela Ferreira Carvalho,21,3.76657292085175,0.9355,,TRUE,19,FALSE,TRUE,2.2750864e-08,3.8311465e-09
https://doi.org/10.1186/s12909-020-02232-z,109,0.420634920634921,https://openalex.org/W3087805327,Application of a classroom-based positive psychology education course for Chinese medical students to increase their psychological well-being: a pilot study,2020,BMC Medical Education,11,3,https://openalex.org/A5048794978,Xiaoqin Zhang,53,1.69722703960402,0.84569,2010,TRUE,35,FALSE,TRUE,1.4673678e-08,3.9366075e-09
https://doi.org/10.1186/s12966-017-0525-8,98,0.386868686868687,https://openalex.org/W2618096841,Sedentary Behavior Research Network (SBRN) – Terminology Consensus Project process and outcome,2017,International Journal of Behavioral Nutrition and Physical Activity,2133,6.8,https://openalex.org/A5020966952,Mark S. Tremblay,98,185.83101661676,0.999981703020134,,TRUE,104,FALSE,TRUE,1.6399542e-06,1.0369327e-07
https://doi.org/10.12688/wellcomeopenres.15758.2,23,0.353535353535354,https://openalex.org/W3012979698,The metabolic hypothesis is more likely than the epileptogenic hypothesis to explain stroke-like lesions,2020,Wellcome open research,4,2.6,https://openalex.org/A5060806470,Josef Finsterer,50,0.617173468946917,0.67463,,FALSE,56,FALSE,TRUE,1.0590831e-08,4.0789114e-09
https://doi.org/10.13169/statecrime.4.2.0128,78,0.333333333333333,https://openalex.org/W2363186876,The Milgram-Holocaust Linkage: Challenging the Present Consensus,2015,State crime,24,0.2,https://openalex.org/A5020278282,null Nestar Russell,1,1.55422094027777,0.82231,2009,FALSE,6,FALSE,TRUE,5.430325e-09,4.083064e-09
https://doi.org/10.1371/journal.pone.0231160,94,0.474747474747475,https://openalex.org/W2998813011,Scientific abstracts and plain language summaries in psychology: A comparison based on readability indices,2020,PLOS ONE,20,3.5,https://openalex.org/A5071926052,Johannes Stricker,13,3.08586734473458,0.92342,2020,TRUE,13,FALSE,TRUE,2.5472266e-08,4.3116244e-09
https://doi.org/10.1521/soco.2021.39.3.352,81,0.704353054353054,https://openalex.org/W3160627225,Does Temporal Distance Influence Abstraction? A Large Pre-Registered Experiment,2021,Social Cognition,12,1.3,https://openalex.org/A5027613920,Amber M. Sánchez,2,3.0132583366814,0.91185,2018,TRUE,2,FALSE,TRUE,1.5689933e-08,3.5974512e-09
https://doi.org/10.1525/collabra.184,8,0.691919191919192,https://openalex.org/W2911294183,"Psychological Overinvolvement, Emotional Distress, and Daily Affect Following Marital Dissolution",2019,Collabra,14,2.3,https://openalex.org/A5047750524,Kyle J. Bourassa,16,1.80799132164166,0.84471,2019,TRUE,16,FALSE,TRUE,1.5664076e-08,3.6523735e-09
https://doi.org/10.1525/collabra.248,46,0.638903656447516,https://openalex.org/W2951716621,"Longitudinal Associations of Narcissism with Interpersonal, Intrapersonal, and Institutional Outcomes: An Investigation Using a Representative Sample of the German Population",2019,Collabra,9,2.3,https://openalex.org/A5004912208,Marius Leckelt,11,1.16228013534106,0.77157,2018,TRUE,11,FALSE,TRUE,1.2893681e-08,3.4931644e-09
https://doi.org/10.2139/ssrn.3584834,11,0.434343434343434,https://openalex.org/W3166478729,The Psychology of Wearing Face Masks in Times of the COVID-19 Pandemic,2020,Social Science Research Network,7,0.2,https://openalex.org/A5057742743,Claus-Christian Carbon,37,1.0800535706571,0.76986,2003,TRUE,38,FALSE,TRUE,1.3727078e-08,3.6499972e-09
https://doi.org/10.31234/osf.io/km37w,75,0.398989898989899,https://openalex.org/W3162759992,Advancing the Network Theory of Mental Disorders: A Computational Model of Panic Disorder,2019,"",39,,https://openalex.org/A5072280023,Donald J. Robinaugh,28,5.03654725314461,0.96051,2015,FALSE,29,FALSE,TRUE,5.1146994e-08,5.227337e-09
https://doi.org/10.3389/fpsyg.2019.01915,13,0.560606060606061,https://openalex.org/W2964555133,Social Influence in Adolescent Decision-Making: A Formal Framework,2019,Frontiers in Psychology,81,2.6,https://openalex.org/A5032652679,Simon Ciranka,5,10.4605212180696,0.98869,2021,FALSE,5,FALSE,TRUE,1.0091834e-07,6.9086403e-09
https://doi.org/10.3389/fpsyg.2022.838029,95,0.4504329004329,https://openalex.org/W4297544449,Quantum core affect. Color-emotion structure of semantic atom,2022,Frontiers in Psychology,4,3.9,https://openalex.org/A5014237995,Ilya A. Surov,4,2.18687981455259,0.85065,,FALSE,10,FALSE,TRUE,8.558497e-09,3.277629e-09
https://doi.org/10.3389/fpsyt.2018.00151,99,0.338383838383838,https://openalex.org/W2804526326,"A European Research Agenda for Somatic Symptom Disorders, Bodily Distress Disorders, and Functional Disorders: Results of an Estimate-Talk-Estimate Delphi Expert Study",2018,Frontiers in Psychiatry,34,3.3,https://openalex.org/A5042557758,Christina M. van der Feltz-Cornelis,39,3.59810443392293,0.93281,2002,TRUE,43,FALSE,TRUE,2.6005033e-08,5.060521e-09
https://doi.org/10.3389/fpsyt.2020.579985,19,0.45959595959596,https://openalex.org/W3092513559,The Effect of COVID-19 on Mental Health and Wellbeing in a Representative Sample of Australian Adults,2020,Frontiers in Psychiatry,200,4.5,https://openalex.org/A5053165899,Amy Dawel,15,30.8586734473459,0.99822,2015,TRUE,16,FALSE,TRUE,2.6812478e-07,1.43427075e-08
https://doi.org/10.3390/nu14142927,47,0.420875420875421,https://openalex.org/W4285731519,A Digital Therapeutic Allowing a Personalized Low-Glycemic Nutrition for the Prophylaxis of Migraine: Real World Data from Two Prospective Studies,2022,Nutrients,4,6.3,https://openalex.org/A5058718060,Vivian Valeska Lelleck,1,2.18687981455259,0.85065,9999,TRUE,1,FALSE,TRUE,8.598107e-09,3.3469822e-09
https://doi.org/10.4103/0975-2870.167993,89,0.343434343434343,https://openalex.org/W2400261744,Depression in systemic sclerosis: Review of the neuro-immunologic link and pharmacological management,2016,Medical Journal of Dr. D.Y. Patil University,0,0.1,https://openalex.org/A5059413342,Aditya Somani,5,0,0,2014,TRUE,4,FALSE,TRUE,1.4176013e-09,3.1561427e-09
https://doi.org/10.5964/ps.7177,70,0.516666666666667,https://openalex.org/W4281724753,"The methodology and dataset of the coscience eeg-personality project – a large-scale, multi-laboratory project grounded in cooperative forking paths analysis",2022,Personality science,3,2.6,https://openalex.org/A5078286277,Katharina Paul,18,1.64015986091444,0.8021,,FALSE,2,FALSE,TRUE,3.3145837e-09,3.2509984e-09
https://doi.org/10.7554/elife.72185,1,0.575757575757576,https://openalex.org/W4226201324,Consensus-based guidance for conducting and reporting multi-analyst studies,2021,eLife,22,10.1,https://openalex.org/A5049551315,Balázs Aczél,23,5.52430695058256,0.96441,2009,TRUE,25,FALSE,TRUE,1.6453136e-08,3.8886636e-09
